{
  "0.50": 0.5,
  "base_rate": 0.10783892232731442,
  "best_f1": 0.88,
  "best_balanced_accuracy": 0.73,
  "best_mcc": 0.88,
  "recall_at_least_0.80": 0.7100000000000001
}