component,explained_variance_ratio,explained_variance_percent
PC1,0.527043573411487,52.7043573411487
PC2,0.1440479210949341,14.40479210949341
