cluster,n,distress_rate,sales_median,employees_median,net_income_median,operating_income_median,operating_cash_flow_median,financial_expenses_median,current_taxes_median,net_margin,operating_margin,ocf_margin,financial_expense_sales_ratio,revenue_per_employee,alert_numeric
A Resilient high-profit cash generators,2085,0.004316546762589928,3864.728,17.0,654.187,870.652,838.659,8.1,227.059,0.15565024000402386,0.21482758867865592,0.19746612476241057,0.0020010424034846057,207.292,80.9187983101753
B Healthy profitable core SMEs,6043,0.02746979976832699,5072.913,19.0,201.628,317.016,345.155,17.291,75.919,0.04541060511058772,0.0691797599909825,0.07415388624356116,0.003598810767623379,218.62793333333332,19.118803404930887
C Thin-margin vulnerable operators,4745,0.15679662802950475,2342.882,17.0,18.687,69.539,80.773,28.037,16.62,0.006956663114726278,0.02881585623114102,0.032236495198528586,0.011429259426589535,128.12509523809524,2.9295185310083003
D Debt-burdened break-even firms,174,0.3160919540229885,3468.198,19.0,-63.560500000000005,2.0564999999999998,52.851,89.164,7.13,-0.018342694565755997,0.0006073773282354514,0.015073960735710256,0.022872868725639737,158.30171875,0.5621968113392715
E Loss-making cash-flow distressed firms,909,0.5841584158415841,2610.096,22.0,-306.044,-275.653,-176.63,22.864,0.0,-0.10196220855242455,-0.09303692141731106,-0.0608174180355172,0.007762080949775837,120.5473076923077,-6.999619094565375
