cluster,Centro,Isole,Nord-est,Nord-ovest,Sud
A Resilient high-profit cash generators,0.17314148681055155,0.03836930455635491,0.2959232613908873,0.35827338129496406,0.1342925659472422
B Healthy profitable core SMEs,0.17789177560814165,0.04683104418335264,0.27916597716366043,0.3643885487340725,0.1317226543107728
C Thin-margin vulnerable operators,0.22929399367755532,0.06006322444678609,0.23224446786090622,0.32012644889357217,0.1582718651211802
D Debt-burdened break-even firms,0.2413793103448276,0.04597701149425287,0.28160919540229884,0.3275862068965517,0.10344827586206896
E Loss-making cash-flow distressed firms,0.23432343234323433,0.0462046204620462,0.23542354235423543,0.37623762376237624,0.1078107810781078
