cluster,pc1,pc2
E Loss-making cash-flow distressed firms,-9.501119888361329,-1.6071973015431495
D Debt-burdened break-even firms,-5.578013992960934,8.319207147419641
C Thin-margin vulnerable operators,-1.356025345105929,0.6201383649103324
B Healthy profitable core SMEs,1.206365320344105,-0.44529753055580373
A Resilient high-profit cash generators,4.197298342917917,-0.11425576062307005
